8,,,,,,,,,,,
ZMh59V,P,Anney,Vivyan,877 Fairview Circle,Tacoma,WA,98424,US,vanney0@businesswire.com,vanney0@businessinsider.com,
TZUAfL,E,Glanester,Neill,526 Jenna Drive,Washington,DC,20244,US,nglanester1@bloglovin.com,nglanester1@mail.ru,nglanester1@si.edu
uHsjRm,C,Mussotti,Barby,8 Mallory Alley,New Orleans,LA,70129,US,bmussotti2@tinyurl.com,bmussotti2@booking.com,
lTdsaM,E,Grice,Karissa,81 Maple Road,Milwaukee,WI,53285,US,kgrice3@biblegateway.com,kgrice3@paypal.com,kgrice3@ucla.edu
EpB9db,G,Martt,Chantalle,890 Crowley Alley,South Bend,IN,46620,US,cmartt4@google.fr,cmartt4@is.gd,
LVKjCi,E,Rosenkranc,Alissa,08329 Oneill Terrace,Winston Salem,NC,27105,US,arosenkranc5@weebly.com,arosenkranc5@infoseek.co.jp,
dqDA0Q,E,Whinney,Garey,706 Kingsford Road,Ogden,UT,84403,US,gwhinney6@ucoz.ru,gwhinney6@freewebs.com,
rmKZBa,E,Twiggins,Galven,856 Caliangt Avenue,San Antonio,TX,78245,US,,,
